3	restaurant_3
19	restaurant_19
26	restaurant_26
36	restaurant_36
42	restaurant_42
51	restaurant_51
59	restaurant_59
68	restaurant_68
70	restaurant_70
71	restaurant_71
83	restaurant_83
102	restaurant_102
107	restaurant_107
141	restaurant_141
145	restaurant_145
157	restaurant_157
166	restaurant_166
176	restaurant_176
177	restaurant_177
196	restaurant_196
198	restaurant_198
201	restaurant_201
203	restaurant_203
208	restaurant_208
216	restaurant_216
224	restaurant_224
237	restaurant_237
251	restaurant_251
252	restaurant_252
257	restaurant_257
268	restaurant_268
269	restaurant_269
290	restaurant_290
306	restaurant_306
307	restaurant_307
314	restaurant_314
336	restaurant_336
353	restaurant_353
381	restaurant_381
403	restaurant_403
404	restaurant_404
428	restaurant_428
430	restaurant_430
435	restaurant_435
443	restaurant_443
460	restaurant_460
473	restaurant_473
479	restaurant_479
481	restaurant_481
514	restaurant_514
528	restaurant_528
551	restaurant_551
556	restaurant_556
561	restaurant_561
583	restaurant_583
607	restaurant_607
625	restaurant_625
644	restaurant_644
658	restaurant_658
667	restaurant_667
674	restaurant_674
699	restaurant_699
701	restaurant_701
707	restaurant_707
713	restaurant_713
718	restaurant_718
755	restaurant_755
775	restaurant_775
776	restaurant_776
794	restaurant_794
825	restaurant_825
847	restaurant_847
880	restaurant_880
901	restaurant_901
918	restaurant_918
929	restaurant_929
974	restaurant_974
981	restaurant_981
987	restaurant_987
991	restaurant_991
1013	restaurant_1013
1065	restaurant_1065
1071	restaurant_1071
1076	restaurant_1076
1096	restaurant_1096
1103	restaurant_1103
1164	restaurant_1164
1192	restaurant_1192
1202	restaurant_1202
1210	restaurant_1210
1218	restaurant_1218
1242	restaurant_1242
1246	restaurant_1246
1249	restaurant_1249
1267	restaurant_1267
1287	restaurant_1287
1295	restaurant_1295
1302	restaurant_1302
1316	restaurant_1316
1317	restaurant_1317
1324	restaurant_1324
1411	restaurant_1411
1423	restaurant_1423
1482	restaurant_1482
1503	restaurant_1503
1510	restaurant_1510
1523	restaurant_1523
1576	restaurant_1576
1579	restaurant_1579
1609	restaurant_1609
1660	restaurant_1660
1661	restaurant_1661
1664	restaurant_1664
1687	restaurant_1687
1710	restaurant_1710
1722	restaurant_1722
1768	restaurant_1768
1773	restaurant_1773
1790	restaurant_1790
1791	restaurant_1791
1792	restaurant_1792
1810	restaurant_1810
1818	restaurant_1818
1825	restaurant_1825
1867	restaurant_1867
1874	restaurant_1874
1876	restaurant_1876
1885	restaurant_1885
1886	restaurant_1886
1904	restaurant_1904
1916	restaurant_1916
1930	restaurant_1930
1940	restaurant_1940
1949	restaurant_1949
1960	restaurant_1960
1995	restaurant_1995
2000	restaurant_2000
2005	restaurant_2005
2011	restaurant_2011
2047	restaurant_2047
2048	restaurant_2048
2062	restaurant_2062
2077	restaurant_2077
2091	restaurant_2091
2152	restaurant_2152
2155	restaurant_2155
2156	restaurant_2156
2199	restaurant_2199
2215	restaurant_2215
2224	restaurant_2224
2229	restaurant_2229
2243	restaurant_2243
2268	restaurant_2268
2278	restaurant_2278
2296	restaurant_2296
2310	restaurant_2310
2331	restaurant_2331
2383	restaurant_2383
2401	restaurant_2401
2402	restaurant_2402
2407	restaurant_2407
2434	restaurant_2434
2441	restaurant_2441
2471	restaurant_2471
2475	restaurant_2475
2476	restaurant_2476
2487	restaurant_2487
2492	restaurant_2492
2496	restaurant_2496
2512	restaurant_2512
2537	restaurant_2537
2538	restaurant_2538
2541	restaurant_2541
2559	restaurant_2559
2565	restaurant_2565
2585	restaurant_2585
2607	restaurant_2607
2612	restaurant_2612
2614	restaurant_2614
2617	restaurant_2617
2640	restaurant_2640
2641	restaurant_2641
2667	restaurant_2667
2668	restaurant_2668
2681	restaurant_2681
2686	restaurant_2686
2748	restaurant_2748
2763	restaurant_2763
2777	restaurant_2777
2785	restaurant_2785
2840	restaurant_2840
2875	restaurant_2875
2897	restaurant_2897
2899	restaurant_2899
2962	restaurant_2962
2976	restaurant_2976
2993	restaurant_2993
3004	restaurant_3004
3005	restaurant_3005
3028	restaurant_3028
3029	restaurant_3029
3037	restaurant_3037
3054	restaurant_3054
3059	restaurant_3059
3066	restaurant_3066
3071	restaurant_3071
3080	restaurant_3080
3118	restaurant_3118
3128	restaurant_3128
3146	restaurant_3146
3155	restaurant_3155
3169	restaurant_3169
3170	restaurant_3170
3174	restaurant_3174
3190	restaurant_3190
3210	restaurant_3210
3213	restaurant_3213
3224	restaurant_3224
3237	restaurant_3237
3238	restaurant_3238
3239	restaurant_3239
3252	restaurant_3252
3257	restaurant_3257
3280	restaurant_3280
3284	restaurant_3284
3307	restaurant_3307
3395	restaurant_3395
3400	restaurant_3400
3401	restaurant_3401
3420	restaurant_3420
3488	restaurant_3488
3489	restaurant_3489
3544	restaurant_3544
3548	restaurant_3548
3585	restaurant_3585
3606	restaurant_3606
3614	restaurant_3614
3615	restaurant_3615
3630	restaurant_3630
3666	restaurant_3666
3673	restaurant_3673
3680	restaurant_3680
3700	restaurant_3700
3701	restaurant_3701
3724	restaurant_3724
3730	restaurant_3730
3737	restaurant_3737
3740	restaurant_3740
3745	restaurant_3745
3763	restaurant_3763
3765	restaurant_3765
3784	restaurant_3784
3788	restaurant_3788
3789	restaurant_3789
3813	restaurant_3813
3818	restaurant_3818
3828	restaurant_3828
3866	restaurant_3866
3873	restaurant_3873
3885	restaurant_3885
3889	restaurant_3889
3909	restaurant_3909
3917	restaurant_3917
3919	restaurant_3919
3940	restaurant_3940
3960	restaurant_3960
3968	restaurant_3968
3983	restaurant_3983
3998	restaurant_3998
3999	restaurant_3999
4014	restaurant_4014
4020	restaurant_4020
4032	restaurant_4032
4038	restaurant_4038
4039	restaurant_4039
4047	restaurant_4047
4070	restaurant_4070
4077	restaurant_4077
4100	restaurant_4100
4147	restaurant_4147
4157	restaurant_4157
4162	restaurant_4162
4169	restaurant_4169
4237	restaurant_4237
4249	restaurant_4249
4251	restaurant_4251
4300	restaurant_4300
4331	restaurant_4331
4349	restaurant_4349
4361	restaurant_4361
4368	restaurant_4368
4385	restaurant_4385
4392	restaurant_4392
4398	restaurant_4398
4410	restaurant_4410
4413	restaurant_4413
4438	restaurant_4438
4483	restaurant_4483
4491	restaurant_4491
4536	restaurant_4536
4555	restaurant_4555
4571	restaurant_4571
4613	restaurant_4613
4616	restaurant_4616
4653	restaurant_4653
4707	restaurant_4707
4724	restaurant_4724
4747	restaurant_4747
4749	restaurant_4749
4785	restaurant_4785
4878	restaurant_4878
4884	restaurant_4884
4890	restaurant_4890
4891	restaurant_4891
4927	restaurant_4927
4929	restaurant_4929
4953	restaurant_4953
5018	restaurant_5018
5022	restaurant_5022
5073	restaurant_5073
5097	restaurant_5097
5099	restaurant_5099
5111	restaurant_5111
5119	restaurant_5119
5125	restaurant_5125
5133	restaurant_5133
5144	restaurant_5144
5190	restaurant_5190
5192	restaurant_5192
5202	restaurant_5202
5219	restaurant_5219
5242	restaurant_5242
5247	restaurant_5247
5265	restaurant_5265
5300	restaurant_5300
5312	restaurant_5312
5366	restaurant_5366
5391	restaurant_5391
5417	restaurant_5417
5420	restaurant_5420
5435	restaurant_5435
5460	restaurant_5460
5464	restaurant_5464
5479	restaurant_5479
5505	restaurant_5505
5511	restaurant_5511
5516	restaurant_5516
5537	restaurant_5537
5558	restaurant_5558
5562	restaurant_5562
5577	restaurant_5577
5604	restaurant_5604
5620	restaurant_5620
5649	restaurant_5649
5688	restaurant_5688
5716	restaurant_5716
5746	restaurant_5746
5749	restaurant_5749
5752	restaurant_5752
5788	restaurant_5788
5807	restaurant_5807
5813	restaurant_5813
5828	restaurant_5828
5836	restaurant_5836
5856	restaurant_5856
5875	restaurant_5875
5894	restaurant_5894
5915	restaurant_5915
5939	restaurant_5939
5955	restaurant_5955
6003	restaurant_6003
6019	restaurant_6019
6023	restaurant_6023
6038	restaurant_6038
6080	restaurant_6080
6097	restaurant_6097
6127	restaurant_6127
6134	restaurant_6134
6140	restaurant_6140
6152	restaurant_6152
6173	restaurant_6173
6177	restaurant_6177
6185	restaurant_6185
6227	restaurant_6227
6282	restaurant_6282
6297	restaurant_6297
6301	restaurant_6301
6313	restaurant_6313
6324	restaurant_6324
6338	restaurant_6338
6369	restaurant_6369
6419	restaurant_6419
6426	restaurant_6426
6460	restaurant_6460
6467	restaurant_6467
6470	restaurant_6470
6472	restaurant_6472
6479	restaurant_6479
6490	restaurant_6490
6495	restaurant_6495
6552	restaurant_6552
6567	restaurant_6567
6617	restaurant_6617
6631	restaurant_6631
6641	restaurant_6641
6658	restaurant_6658
6667	restaurant_6667
6689	restaurant_6689
6701	restaurant_6701
6719	restaurant_6719
6759	restaurant_6759
6770	restaurant_6770
6794	restaurant_6794
6804	restaurant_6804
6807	restaurant_6807
6823	restaurant_6823
6848	restaurant_6848
6849	restaurant_6849
6854	restaurant_6854
6892	restaurant_6892
6897	restaurant_6897
6924	restaurant_6924
6931	restaurant_6931
6935	restaurant_6935
6970	restaurant_6970
7041	restaurant_7041
7088	restaurant_7088
7090	restaurant_7090
7107	restaurant_7107
7154	restaurant_7154
7164	restaurant_7164
7166	restaurant_7166
7214	restaurant_7214
7236	restaurant_7236
7292	restaurant_7292
7323	restaurant_7323
7326	restaurant_7326
7336	restaurant_7336
7353	restaurant_7353
7360	restaurant_7360
7365	restaurant_7365
7374	restaurant_7374
7385	restaurant_7385
7394	restaurant_7394
7402	restaurant_7402
7439	restaurant_7439
7465	restaurant_7465
7466	restaurant_7466
7468	restaurant_7468
7477	restaurant_7477
7487	restaurant_7487
7490	restaurant_7490
7492	restaurant_7492
7507	restaurant_7507
7515	restaurant_7515
7532	restaurant_7532
7536	restaurant_7536
7544	restaurant_7544
7552	restaurant_7552
7621	restaurant_7621
7649	restaurant_7649
7666	restaurant_7666
7674	restaurant_7674
7698	restaurant_7698
7711	restaurant_7711
7731	restaurant_7731
7744	restaurant_7744
7758	restaurant_7758
7759	restaurant_7759
7760	restaurant_7760
7769	restaurant_7769
7775	restaurant_7775
7822	restaurant_7822
7838	restaurant_7838
7882	restaurant_7882
7902	restaurant_7902
7931	restaurant_7931
7937	restaurant_7937
7941	restaurant_7941
8006	restaurant_8006
8047	restaurant_8047
8055	restaurant_8055
8073	restaurant_8073
8076	restaurant_8076
8081	restaurant_8081
8084	restaurant_8084
8102	restaurant_8102
8140	restaurant_8140
8141	restaurant_8141
8148	restaurant_8148
8169	restaurant_8169
8178	restaurant_8178
8191	restaurant_8191
8229	restaurant_8229
8283	restaurant_8283
8289	restaurant_8289
8308	restaurant_8308
8311	restaurant_8311
8358	restaurant_8358
8366	restaurant_8366
8395	restaurant_8395
8492	restaurant_8492
8522	restaurant_8522
8542	restaurant_8542
8587	restaurant_8587
8602	restaurant_8602
8617	restaurant_8617
8621	restaurant_8621
8659	restaurant_8659
8674	restaurant_8674
8675	restaurant_8675
8703	restaurant_8703
8739	restaurant_8739
8750	restaurant_8750
8796	restaurant_8796
8853	restaurant_8853
8862	restaurant_8862
8869	restaurant_8869
8885	restaurant_8885
8901	restaurant_8901
8909	restaurant_8909
8924	restaurant_8924
8927	restaurant_8927
8961	restaurant_8961
8988	restaurant_8988
8993	restaurant_8993
9013	restaurant_9013
9028	restaurant_9028
9034	restaurant_9034
9050	restaurant_9050
9086	restaurant_9086
9092	restaurant_9092
9115	restaurant_9115
9116	restaurant_9116
9159	restaurant_9159
9160	restaurant_9160
9164	restaurant_9164
9180	restaurant_9180
9214	restaurant_9214
9218	restaurant_9218
9225	restaurant_9225
9240	restaurant_9240
9299	restaurant_9299
9311	restaurant_9311
9327	restaurant_9327
9342	restaurant_9342
9351	restaurant_9351
9394	restaurant_9394
9396	restaurant_9396
9413	restaurant_9413
9420	restaurant_9420
9449	restaurant_9449
9476	restaurant_9476
9504	restaurant_9504
9518	restaurant_9518
9535	restaurant_9535
9582	restaurant_9582
9728	restaurant_9728
9769	restaurant_9769
9800	restaurant_9800
9817	restaurant_9817
9835	restaurant_9835
9873	restaurant_9873
9896	restaurant_9896
9906	restaurant_9906
9933	restaurant_9933
10000	restaurant_10000
10001	restaurant_10001
10039	restaurant_10039
10130	restaurant_10130
10136	restaurant_10136
10142	restaurant_10142
10153	restaurant_10153
10155	restaurant_10155
10184	restaurant_10184
10195	restaurant_10195
10199	restaurant_10199
10222	restaurant_10222
10308	restaurant_10308
10319	restaurant_10319
10339	restaurant_10339
10359	restaurant_10359
10364	restaurant_10364
10398	restaurant_10398
10404	restaurant_10404
10412	restaurant_10412
10442	restaurant_10442
10446	restaurant_10446
10465	restaurant_10465
10466	restaurant_10466
10467	restaurant_10467
10472	restaurant_10472
10473	restaurant_10473
10479	restaurant_10479
10511	restaurant_10511
10545	restaurant_10545
10551	restaurant_10551
10554	restaurant_10554
10576	restaurant_10576
10579	restaurant_10579
10587	restaurant_10587
10595	restaurant_10595
10622	restaurant_10622
10656	restaurant_10656
10664	restaurant_10664
10696	restaurant_10696
10708	restaurant_10708
10710	restaurant_10710
10718	restaurant_10718
10723	restaurant_10723
10725	restaurant_10725
10767	restaurant_10767
10773	restaurant_10773
10796	restaurant_10796
10843	restaurant_10843
10876	restaurant_10876
10926	restaurant_10926
10935	restaurant_10935
10956	restaurant_10956
10969	restaurant_10969
11008	restaurant_11008
11077	restaurant_11077
11125	restaurant_11125
11163	restaurant_11163
11169	restaurant_11169
11179	restaurant_11179
11180	restaurant_11180
11191	restaurant_11191
11213	restaurant_11213
11222	restaurant_11222
11225	restaurant_11225
11226	restaurant_11226
11228	restaurant_11228
11257	restaurant_11257
11264	restaurant_11264
11274	restaurant_11274
11308	restaurant_11308
11317	restaurant_11317
11351	restaurant_11351
11433	restaurant_11433
11467	restaurant_11467
11527	restaurant_11527
11576	restaurant_11576
11592	restaurant_11592
11608	restaurant_11608
11630	restaurant_11630
11641	restaurant_11641
11652	restaurant_11652
11675	restaurant_11675
11679	restaurant_11679
11711	restaurant_11711
11730	restaurant_11730
11753	restaurant_11753
11754	restaurant_11754
11765	restaurant_11765
11766	restaurant_11766
11776	restaurant_11776
11823	restaurant_11823
11825	restaurant_11825
11849	restaurant_11849
11883	restaurant_11883
11884	restaurant_11884
11907	restaurant_11907
11930	restaurant_11930
12004	restaurant_12004
12014	restaurant_12014
12029	restaurant_12029
12059	restaurant_12059
12069	restaurant_12069
12099	restaurant_12099
12113	restaurant_12113
12126	restaurant_12126
12133	restaurant_12133
12152	restaurant_12152
12171	restaurant_12171
12221	restaurant_12221
12231	restaurant_12231
12271	restaurant_12271
12291	restaurant_12291
12336	restaurant_12336
12359	restaurant_12359
12367	restaurant_12367
12376	restaurant_12376
12390	restaurant_12390
12441	restaurant_12441
12458	restaurant_12458
12478	restaurant_12478
12481	restaurant_12481
12488	restaurant_12488
12493	restaurant_12493
12497	restaurant_12497
12525	restaurant_12525
12545	restaurant_12545
12563	restaurant_12563
12568	restaurant_12568
12586	restaurant_12586
12595	restaurant_12595
12598	restaurant_12598
12639	restaurant_12639
12668	restaurant_12668
12676	restaurant_12676
12694	restaurant_12694
12720	restaurant_12720
12739	restaurant_12739
12751	restaurant_12751
12770	restaurant_12770
12822	restaurant_12822
12823	restaurant_12823
12825	restaurant_12825
12833	restaurant_12833
12841	restaurant_12841
12862	restaurant_12862
12884	restaurant_12884
12888	restaurant_12888
12894	restaurant_12894
12898	restaurant_12898
12931	restaurant_12931
13033	restaurant_13033
13040	restaurant_13040
13055	restaurant_13055
13058	restaurant_13058
13078	restaurant_13078
13083	restaurant_13083
13089	restaurant_13089
13112	restaurant_13112
13158	restaurant_13158
13162	restaurant_13162
13168	restaurant_13168
13171	restaurant_13171
13192	restaurant_13192
13194	restaurant_13194
13228	restaurant_13228
13254	restaurant_13254
13297	restaurant_13297
13302	restaurant_13302
13353	restaurant_13353
13358	restaurant_13358
13378	restaurant_13378
13386	restaurant_13386
13392	restaurant_13392
13408	restaurant_13408
13419	restaurant_13419
13429	restaurant_13429
13478	restaurant_13478
13479	restaurant_13479
13492	restaurant_13492
13528	restaurant_13528
13543	restaurant_13543
13549	restaurant_13549
13562	restaurant_13562
13595	restaurant_13595
13609	restaurant_13609
13613	restaurant_13613
13619	restaurant_13619
13624	restaurant_13624
13637	restaurant_13637
13638	restaurant_13638
13643	restaurant_13643
13657	restaurant_13657
13659	restaurant_13659
13669	restaurant_13669
13687	restaurant_13687
13693	restaurant_13693
13698	restaurant_13698
13764	restaurant_13764
13774	restaurant_13774
13804	restaurant_13804
13817	restaurant_13817
13846	restaurant_13846
13875	restaurant_13875
13882	restaurant_13882
13892	restaurant_13892
13920	restaurant_13920
13924	restaurant_13924
13940	restaurant_13940
13944	restaurant_13944
13949	restaurant_13949
13995	restaurant_13995
14014	restaurant_14014
14032	restaurant_14032
14047	restaurant_14047
14049	restaurant_14049
14125	restaurant_14125
14133	restaurant_14133
14135	restaurant_14135
14152	restaurant_14152
14173	restaurant_14173
14197	restaurant_14197
14212	restaurant_14212
14252	restaurant_14252
14270	restaurant_14270
14295	restaurant_14295
14315	restaurant_14315
14321	restaurant_14321
14362	restaurant_14362
14406	restaurant_14406
14408	restaurant_14408
14417	restaurant_14417
14422	restaurant_14422
14431	restaurant_14431
14438	restaurant_14438
14448	restaurant_14448
14454	restaurant_14454
14461	restaurant_14461
14498	restaurant_14498
14520	restaurant_14520
14529	restaurant_14529
14536	restaurant_14536
14572	restaurant_14572
14631	restaurant_14631
14634	restaurant_14634
14654	restaurant_14654
14655	restaurant_14655
14661	restaurant_14661
14741	restaurant_14741
14775	restaurant_14775
14802	restaurant_14802
14821	restaurant_14821
14875	restaurant_14875
14879	restaurant_14879
14881	restaurant_14881
14928	restaurant_14928
14930	restaurant_14930
14940	restaurant_14940
14945	restaurant_14945
14951	restaurant_14951
14953	restaurant_14953
14956	restaurant_14956
14964	restaurant_14964
14967	restaurant_14967
15036	restaurant_15036
15067	restaurant_15067
15118	restaurant_15118
15136	restaurant_15136
15154	restaurant_15154
15182	restaurant_15182
15197	restaurant_15197
15239	restaurant_15239
15240	restaurant_15240
15303	restaurant_15303
15311	restaurant_15311
15318	restaurant_15318
15320	restaurant_15320
15331	restaurant_15331
15360	restaurant_15360
15377	restaurant_15377
15378	restaurant_15378
15395	restaurant_15395
15403	restaurant_15403
15404	restaurant_15404
15405	restaurant_15405
15431	restaurant_15431
15441	restaurant_15441
15455	restaurant_15455
15462	restaurant_15462
15468	restaurant_15468
15476	restaurant_15476
15507	restaurant_15507
15534	restaurant_15534
15556	restaurant_15556
15562	restaurant_15562
15564	restaurant_15564
15576	restaurant_15576
15585	restaurant_15585
15588	restaurant_15588
15603	restaurant_15603
15610	restaurant_15610
15615	restaurant_15615
15625	restaurant_15625
15636	restaurant_15636
15649	restaurant_15649
15686	restaurant_15686
15690	restaurant_15690
15703	restaurant_15703
15707	restaurant_15707
15762	restaurant_15762
15774	restaurant_15774
15843	restaurant_15843
15864	restaurant_15864
15866	restaurant_15866
15873	restaurant_15873
15885	restaurant_15885
15886	restaurant_15886
15889	restaurant_15889
15904	restaurant_15904
15918	restaurant_15918
15929	restaurant_15929
15938	restaurant_15938
15991	restaurant_15991
15993	restaurant_15993
16003	restaurant_16003
16012	restaurant_16012
16045	restaurant_16045
16066	restaurant_16066
16068	restaurant_16068
16108	restaurant_16108
16132	restaurant_16132
16158	restaurant_16158
16165	restaurant_16165
16172	restaurant_16172
16182	restaurant_16182
16193	restaurant_16193
16200	restaurant_16200
16204	restaurant_16204
16247	restaurant_16247
16253	restaurant_16253
16265	restaurant_16265
16289	restaurant_16289
16318	restaurant_16318
16333	restaurant_16333
16342	restaurant_16342
16348	restaurant_16348
16356	restaurant_16356
16403	restaurant_16403
16404	restaurant_16404
16453	restaurant_16453
16481	restaurant_16481
16529	restaurant_16529
16531	restaurant_16531
16533	restaurant_16533
16541	restaurant_16541
16568	restaurant_16568
16580	restaurant_16580
16582	restaurant_16582
16593	restaurant_16593
16651	restaurant_16651
16671	restaurant_16671
16706	restaurant_16706
16707	restaurant_16707
16725	restaurant_16725
16730	restaurant_16730
16761	restaurant_16761
16774	restaurant_16774
16785	restaurant_16785
16812	restaurant_16812
16816	restaurant_16816
16825	restaurant_16825
16853	restaurant_16853
16877	restaurant_16877
16885	restaurant_16885
16887	restaurant_16887
16892	restaurant_16892
16895	restaurant_16895
16900	restaurant_16900
16908	restaurant_16908
16936	restaurant_16936
16951	restaurant_16951
16964	restaurant_16964
16981	restaurant_16981
17029	restaurant_17029
17052	restaurant_17052
17094	restaurant_17094
17102	restaurant_17102
17114	restaurant_17114
17135	restaurant_17135
17139	restaurant_17139
17146	restaurant_17146
17149	restaurant_17149
17245	restaurant_17245
17251	restaurant_17251
17267	restaurant_17267
17286	restaurant_17286
17294	restaurant_17294
17319	restaurant_17319
17354	restaurant_17354
17423	restaurant_17423
17424	restaurant_17424
17458	restaurant_17458
17463	restaurant_17463
17466	restaurant_17466
17483	restaurant_17483
17546	restaurant_17546
17555	restaurant_17555
17594	restaurant_17594
17600	restaurant_17600
17615	restaurant_17615
17617	restaurant_17617
17625	restaurant_17625
17653	restaurant_17653
17656	restaurant_17656
17691	restaurant_17691
17704	restaurant_17704
17706	restaurant_17706
17721	restaurant_17721
17723	restaurant_17723
17725	restaurant_17725
17749	restaurant_17749
17753	restaurant_17753
17759	restaurant_17759
17776	restaurant_17776
17782	restaurant_17782
17829	restaurant_17829
17907	restaurant_17907
17929	restaurant_17929
17934	restaurant_17934
17937	restaurant_17937
17947	restaurant_17947
17964	restaurant_17964
17984	restaurant_17984
17990	restaurant_17990
18000	restaurant_18000
18044	restaurant_18044
18048	restaurant_18048
18057	restaurant_18057
18060	restaurant_18060
18074	restaurant_18074
18098	restaurant_18098
18108	restaurant_18108
18164	restaurant_18164
18196	restaurant_18196
18214	restaurant_18214
18219	restaurant_18219
18227	restaurant_18227
18245	restaurant_18245
18246	restaurant_18246
18250	restaurant_18250
18254	restaurant_18254
18286	restaurant_18286
18287	restaurant_18287
18298	restaurant_18298
18301	restaurant_18301
18309	restaurant_18309
18326	restaurant_18326
18350	restaurant_18350
18383	restaurant_18383
18387	restaurant_18387
18398	restaurant_18398
18432	restaurant_18432
18436	restaurant_18436
18439	restaurant_18439
18442	restaurant_18442
18476	restaurant_18476
18518	restaurant_18518
18529	restaurant_18529
18578	restaurant_18578
18595	restaurant_18595
18603	restaurant_18603
18646	restaurant_18646
18660	restaurant_18660
18663	restaurant_18663
18673	restaurant_18673
18675	restaurant_18675
18677	restaurant_18677
18682	restaurant_18682
18691	restaurant_18691
18694	restaurant_18694
18698	restaurant_18698
18707	restaurant_18707
18730	restaurant_18730
18759	restaurant_18759
18789	restaurant_18789
18796	restaurant_18796
18799	restaurant_18799
18833	restaurant_18833
18839	restaurant_18839
18849	restaurant_18849
18889	restaurant_18889
18972	restaurant_18972
18977	restaurant_18977
18988	restaurant_18988
18990	restaurant_18990
19000	restaurant_19000
19044	restaurant_19044
19047	restaurant_19047
19082	restaurant_19082
19172	restaurant_19172
19178	restaurant_19178
19200	restaurant_19200
19218	restaurant_19218
19223	restaurant_19223
19239	restaurant_19239
19250	restaurant_19250
19258	restaurant_19258
19266	restaurant_19266
19278	restaurant_19278
19297	restaurant_19297
19361	restaurant_19361
19375	restaurant_19375
19383	restaurant_19383
19393	restaurant_19393
19426	restaurant_19426
19468	restaurant_19468
19492	restaurant_19492
19497	restaurant_19497
19499	restaurant_19499
19500	restaurant_19500
19509	restaurant_19509
19542	restaurant_19542
19580	restaurant_19580
19588	restaurant_19588
19590	restaurant_19590
19627	restaurant_19627
19629	restaurant_19629
19638	restaurant_19638
19667	restaurant_19667
19670	restaurant_19670
19674	restaurant_19674
19685	restaurant_19685
19689	restaurant_19689
19701	restaurant_19701
19715	restaurant_19715
19725	restaurant_19725
19738	restaurant_19738
19743	restaurant_19743
19745	restaurant_19745
19777	restaurant_19777
19779	restaurant_19779
19800	restaurant_19800
19843	restaurant_19843
19848	restaurant_19848
19871	restaurant_19871
19890	restaurant_19890
19917	restaurant_19917
19921	restaurant_19921
19925	restaurant_19925
19928	restaurant_19928
19959	restaurant_19959
19970	restaurant_19970
19997	restaurant_19997
20001	restaurant_20001
20014	restaurant_20014
20045	restaurant_20045
20065	restaurant_20065
20094	restaurant_20094
20109	restaurant_20109
20129	restaurant_20129
20139	restaurant_20139
20162	restaurant_20162
20173	restaurant_20173
20180	restaurant_20180
20200	restaurant_20200
20206	restaurant_20206
20220	restaurant_20220
20238	restaurant_20238
20261	restaurant_20261
20302	restaurant_20302
20319	restaurant_20319
20320	restaurant_20320
20334	restaurant_20334
20361	restaurant_20361
20376	restaurant_20376
20393	restaurant_20393
20410	restaurant_20410
20418	restaurant_20418
20431	restaurant_20431
20435	restaurant_20435
20446	restaurant_20446
20472	restaurant_20472
20480	restaurant_20480
20486	restaurant_20486
20490	restaurant_20490
20511	restaurant_20511
20553	restaurant_20553
20576	restaurant_20576
20588	restaurant_20588
20606	restaurant_20606
20635	restaurant_20635
20638	restaurant_20638
20643	restaurant_20643
20651	restaurant_20651
20682	restaurant_20682
20698	restaurant_20698
20699	restaurant_20699
20700	restaurant_20700
20732	restaurant_20732
20748	restaurant_20748
20771	restaurant_20771
20799	restaurant_20799
20803	restaurant_20803
20813	restaurant_20813
20815	restaurant_20815
20816	restaurant_20816
20835	restaurant_20835
20840	restaurant_20840
20846	restaurant_20846
20863	restaurant_20863
20865	restaurant_20865
20869	restaurant_20869
20884	restaurant_20884
20907	restaurant_20907
20919	restaurant_20919
20936	restaurant_20936
20948	restaurant_20948
20952	restaurant_20952
20972	restaurant_20972
20984	restaurant_20984
21004	restaurant_21004
21044	restaurant_21044
21093	restaurant_21093
21121	restaurant_21121
21123	restaurant_21123
21130	restaurant_21130
21155	restaurant_21155
21170	restaurant_21170
21180	restaurant_21180
21189	restaurant_21189
21199	restaurant_21199
21233	restaurant_21233
21239	restaurant_21239
21249	restaurant_21249
21262	restaurant_21262
21272	restaurant_21272
21276	restaurant_21276
21279	restaurant_21279
21282	restaurant_21282
21307	restaurant_21307
21314	restaurant_21314
21318	restaurant_21318
21324	restaurant_21324
21333	restaurant_21333
21410	restaurant_21410
21430	restaurant_21430
21434	restaurant_21434
21460	restaurant_21460
21461	restaurant_21461
21468	restaurant_21468
21475	restaurant_21475
21482	restaurant_21482
21496	restaurant_21496
21501	restaurant_21501
21521	restaurant_21521
21547	restaurant_21547
21590	restaurant_21590
21596	restaurant_21596
21619	restaurant_21619
21621	restaurant_21621
21642	restaurant_21642
21663	restaurant_21663
21665	restaurant_21665
21669	restaurant_21669
21689	restaurant_21689
21704	restaurant_21704
21742	restaurant_21742
21760	restaurant_21760
21773	restaurant_21773
21778	restaurant_21778
21787	restaurant_21787
21810	restaurant_21810
21847	restaurant_21847
21849	restaurant_21849
21863	restaurant_21863
21872	restaurant_21872
21885	restaurant_21885
21895	restaurant_21895
21922	restaurant_21922
21931	restaurant_21931
21941	restaurant_21941
21957	restaurant_21957
21960	restaurant_21960
22004	restaurant_22004
22013	restaurant_22013
22022	restaurant_22022
22124	restaurant_22124
22125	restaurant_22125
22135	restaurant_22135
22159	restaurant_22159
22205	restaurant_22205
22220	restaurant_22220
22243	restaurant_22243
22245	restaurant_22245
22250	restaurant_22250
22295	restaurant_22295
22302	restaurant_22302
22316	restaurant_22316
22317	restaurant_22317
22330	restaurant_22330
22334	restaurant_22334
22343	restaurant_22343
22381	restaurant_22381
22416	restaurant_22416
22425	restaurant_22425
22427	restaurant_22427
22444	restaurant_22444
22449	restaurant_22449
22463	restaurant_22463
22478	restaurant_22478
22549	restaurant_22549
22553	restaurant_22553
22568	restaurant_22568
22589	restaurant_22589
22613	restaurant_22613
22620	restaurant_22620
22642	restaurant_22642
22714	restaurant_22714
22762	restaurant_22762
22763	restaurant_22763
22767	restaurant_22767
22774	restaurant_22774
22791	restaurant_22791
22792	restaurant_22792
22809	restaurant_22809
22851	restaurant_22851
22874	restaurant_22874
22876	restaurant_22876
22894	restaurant_22894
22900	restaurant_22900
22923	restaurant_22923
22928	restaurant_22928
22934	restaurant_22934
22940	restaurant_22940
22945	restaurant_22945
22964	restaurant_22964
23025	restaurant_23025
23031	restaurant_23031
23065	restaurant_23065
23066	restaurant_23066
23076	restaurant_23076
23087	restaurant_23087
23126	restaurant_23126
23138	restaurant_23138
23144	restaurant_23144
23158	restaurant_23158
23160	restaurant_23160
23161	restaurant_23161
23170	restaurant_23170
23173	restaurant_23173
23179	restaurant_23179
23196	restaurant_23196
23218	restaurant_23218
23219	restaurant_23219
23242	restaurant_23242
23251	restaurant_23251
23269	restaurant_23269
23275	restaurant_23275
23318	restaurant_23318
23342	restaurant_23342
23343	restaurant_23343
23352	restaurant_23352
23383	restaurant_23383
23407	restaurant_23407
23424	restaurant_23424
23426	restaurant_23426
23438	restaurant_23438
23464	restaurant_23464
23468	restaurant_23468
23494	restaurant_23494
23513	restaurant_23513
23525	restaurant_23525
23526	restaurant_23526
23530	restaurant_23530
23562	restaurant_23562
23634	restaurant_23634
23654	restaurant_23654
23667	restaurant_23667
23682	restaurant_23682
23706	restaurant_23706
23725	restaurant_23725
23726	restaurant_23726
23735	restaurant_23735
23755	restaurant_23755
23767	restaurant_23767
23795	restaurant_23795
23810	restaurant_23810
23815	restaurant_23815
23846	restaurant_23846
23847	restaurant_23847
23869	restaurant_23869
23879	restaurant_23879
23892	restaurant_23892
23918	restaurant_23918
23929	restaurant_23929
23946	restaurant_23946
24037	restaurant_24037
24043	restaurant_24043
24081	restaurant_24081
24146	restaurant_24146
24158	restaurant_24158
24180	restaurant_24180
24251	restaurant_24251
24266	restaurant_24266
24314	restaurant_24314
24334	restaurant_24334
24360	restaurant_24360
24370	restaurant_24370
24408	restaurant_24408
24453	restaurant_24453
24466	restaurant_24466
24468	restaurant_24468
24470	restaurant_24470
24480	restaurant_24480
24558	restaurant_24558
24569	restaurant_24569
24581	restaurant_24581
24606	restaurant_24606
24641	restaurant_24641
24700	restaurant_24700
24719	restaurant_24719
24755	restaurant_24755
24792	restaurant_24792
24803	restaurant_24803
24820	restaurant_24820
24871	restaurant_24871
24908	restaurant_24908
24930	restaurant_24930
24951	restaurant_24951
24956	restaurant_24956
24982	restaurant_24982
25036	restaurant_25036
25038	restaurant_25038
25043	restaurant_25043
25079	restaurant_25079
25083	restaurant_25083
25104	restaurant_25104
25109	restaurant_25109
25164	restaurant_25164
25191	restaurant_25191
25201	restaurant_25201
25226	restaurant_25226
25245	restaurant_25245
25256	restaurant_25256
25265	restaurant_25265
25266	restaurant_25266
25268	restaurant_25268
25269	restaurant_25269
25306	restaurant_25306
25308	restaurant_25308
25327	restaurant_25327
25331	restaurant_25331
25335	restaurant_25335
25342	restaurant_25342
25349	restaurant_25349
25354	restaurant_25354
25356	restaurant_25356
25362	restaurant_25362
25377	restaurant_25377
25385	restaurant_25385
25404	restaurant_25404
25435	restaurant_25435
25446	restaurant_25446
25495	restaurant_25495
25502	restaurant_25502
25514	restaurant_25514
25551	restaurant_25551
25556	restaurant_25556
25599	restaurant_25599
25616	restaurant_25616
25617	restaurant_25617
25662	restaurant_25662
25684	restaurant_25684
25696	restaurant_25696
25700	restaurant_25700
25732	restaurant_25732
25764	restaurant_25764
25791	restaurant_25791
25838	restaurant_25838
25845	restaurant_25845
25871	restaurant_25871
25873	restaurant_25873
25885	restaurant_25885
25893	restaurant_25893
25911	restaurant_25911
25955	restaurant_25955
25967	restaurant_25967
25983	restaurant_25983
25991	restaurant_25991
26022	restaurant_26022
26032	restaurant_26032
26052	restaurant_26052
26060	restaurant_26060
26102	restaurant_26102
26147	restaurant_26147
26149	restaurant_26149
26172	restaurant_26172
26193	restaurant_26193
26209	restaurant_26209
26210	restaurant_26210
26214	restaurant_26214
26224	restaurant_26224
26230	restaurant_26230
26249	restaurant_26249
26260	restaurant_26260
26271	restaurant_26271
26281	restaurant_26281
26303	restaurant_26303
26315	restaurant_26315
26321	restaurant_26321
26329	restaurant_26329
26331	restaurant_26331
26362	restaurant_26362
26368	restaurant_26368
26372	restaurant_26372
26424	restaurant_26424
26436	restaurant_26436
26441	restaurant_26441
26443	restaurant_26443
26460	restaurant_26460
26466	restaurant_26466
26488	restaurant_26488
26489	restaurant_26489
26517	restaurant_26517
26518	restaurant_26518
26528	restaurant_26528
26535	restaurant_26535
26569	restaurant_26569
26570	restaurant_26570
26599	restaurant_26599
26605	restaurant_26605
26620	restaurant_26620
26632	restaurant_26632
26656	restaurant_26656
26662	restaurant_26662
26693	restaurant_26693
26694	restaurant_26694
26704	restaurant_26704
26715	restaurant_26715
26721	restaurant_26721
26725	restaurant_26725
26736	restaurant_26736
26737	restaurant_26737
26745	restaurant_26745
26759	restaurant_26759
26782	restaurant_26782
26807	restaurant_26807
26821	restaurant_26821
26822	restaurant_26822
26846	restaurant_26846
26847	restaurant_26847
26866	restaurant_26866
26868	restaurant_26868
26945	restaurant_26945
26946	restaurant_26946
26948	restaurant_26948
26972	restaurant_26972
26992	restaurant_26992
27008	restaurant_27008
27033	restaurant_27033
27054	restaurant_27054
27066	restaurant_27066
27093	restaurant_27093
27143	restaurant_27143
27176	restaurant_27176
27187	restaurant_27187
27190	restaurant_27190
27214	restaurant_27214
27219	restaurant_27219
27245	restaurant_27245
27275	restaurant_27275
27296	restaurant_27296
27320	restaurant_27320
27348	restaurant_27348
27400	restaurant_27400
27408	restaurant_27408
27410	restaurant_27410
27436	restaurant_27436
27447	restaurant_27447
27453	restaurant_27453
27513	restaurant_27513
27520	restaurant_27520
27568	restaurant_27568
27571	restaurant_27571
27592	restaurant_27592
27598	restaurant_27598
27601	restaurant_27601
27631	restaurant_27631
27644	restaurant_27644
27645	restaurant_27645
27673	restaurant_27673
27689	restaurant_27689
27718	restaurant_27718
27721	restaurant_27721
27725	restaurant_27725
27736	restaurant_27736
27749	restaurant_27749
27762	restaurant_27762
27766	restaurant_27766
27788	restaurant_27788
27813	restaurant_27813
27860	restaurant_27860
27876	restaurant_27876
27880	restaurant_27880
27884	restaurant_27884
27910	restaurant_27910
27930	restaurant_27930
27956	restaurant_27956
27974	restaurant_27974
27977	restaurant_27977
27996	restaurant_27996
28000	restaurant_28000
28006	restaurant_28006
28038	restaurant_28038
28043	restaurant_28043
28054	restaurant_28054
28090	restaurant_28090
28106	restaurant_28106
28120	restaurant_28120
28132	restaurant_28132
28157	restaurant_28157
28176	restaurant_28176
28247	restaurant_28247
28266	restaurant_28266
28305	restaurant_28305
28361	restaurant_28361
28375	restaurant_28375
28384	restaurant_28384
28389	restaurant_28389
28394	restaurant_28394
28421	restaurant_28421
28442	restaurant_28442
28476	restaurant_28476
28486	restaurant_28486
28514	restaurant_28514
28539	restaurant_28539
28582	restaurant_28582
28598	restaurant_28598
28610	restaurant_28610
28649	restaurant_28649
28703	restaurant_28703
28712	restaurant_28712
28741	restaurant_28741
28749	restaurant_28749
28754	restaurant_28754
28760	restaurant_28760
28788	restaurant_28788
28810	restaurant_28810
28817	restaurant_28817
28833	restaurant_28833
28849	restaurant_28849
28850	restaurant_28850
28866	restaurant_28866
28873	restaurant_28873
28885	restaurant_28885
28888	restaurant_28888
28900	restaurant_28900
28975	restaurant_28975
28981	restaurant_28981
28982	restaurant_28982
28995	restaurant_28995
28998	restaurant_28998
29044	restaurant_29044
29070	restaurant_29070
29106	restaurant_29106
29136	restaurant_29136
29144	restaurant_29144
29154	restaurant_29154
29158	restaurant_29158
29180	restaurant_29180
29190	restaurant_29190
29196	restaurant_29196
29206	restaurant_29206
29215	restaurant_29215
29220	restaurant_29220
29222	restaurant_29222
29223	restaurant_29223
29244	restaurant_29244
29267	restaurant_29267
29290	restaurant_29290
29332	restaurant_29332
29343	restaurant_29343
29348	restaurant_29348
29399	restaurant_29399
29410	restaurant_29410
29435	restaurant_29435
29450	restaurant_29450
29463	restaurant_29463
29470	restaurant_29470
29481	restaurant_29481
29493	restaurant_29493
29536	restaurant_29536
29542	restaurant_29542
29551	restaurant_29551
29581	restaurant_29581
29585	restaurant_29585
29595	restaurant_29595
29605	restaurant_29605
29613	restaurant_29613
29626	restaurant_29626
29649	restaurant_29649
29657	restaurant_29657
29687	restaurant_29687
29689	restaurant_29689
29691	restaurant_29691
29713	restaurant_29713
29753	restaurant_29753
29762	restaurant_29762
29779	restaurant_29779
29799	restaurant_29799
29811	restaurant_29811
29818	restaurant_29818
29830	restaurant_29830
29900	restaurant_29900
29920	restaurant_29920
29973	restaurant_29973
29978	restaurant_29978
29982	restaurant_29982
30018	restaurant_30018
30066	restaurant_30066
30102	restaurant_30102
30120	restaurant_30120
30164	restaurant_30164
30176	restaurant_30176
30191	restaurant_30191
30197	restaurant_30197
30212	restaurant_30212
30246	restaurant_30246
30247	restaurant_30247
30248	restaurant_30248
30256	restaurant_30256
30264	restaurant_30264
30303	restaurant_30303
30334	restaurant_30334
30383	restaurant_30383
30396	restaurant_30396
30399	restaurant_30399
30426	restaurant_30426
30427	restaurant_30427
30433	restaurant_30433
30436	restaurant_30436
30450	restaurant_30450
30465	restaurant_30465
30481	restaurant_30481
30484	restaurant_30484
30526	restaurant_30526
30530	restaurant_30530
30557	restaurant_30557
30572	restaurant_30572
30579	restaurant_30579
30610	restaurant_30610
30617	restaurant_30617
30631	restaurant_30631
30635	restaurant_30635
30681	restaurant_30681
30703	restaurant_30703
30743	restaurant_30743
30747	restaurant_30747
30808	restaurant_30808
30812	restaurant_30812
30858	restaurant_30858
30861	restaurant_30861
30872	restaurant_30872
30879	restaurant_30879
30886	restaurant_30886
30891	restaurant_30891
30913	restaurant_30913
30952	restaurant_30952
30971	restaurant_30971
30977	restaurant_30977
30982	restaurant_30982
31036	restaurant_31036
31105	restaurant_31105
31107	restaurant_31107
31130	restaurant_31130
31132	restaurant_31132
31139	restaurant_31139
31144	restaurant_31144
31215	restaurant_31215
31228	restaurant_31228
31236	restaurant_31236
31259	restaurant_31259
31261	restaurant_31261
31285	restaurant_31285
31313	restaurant_31313
31330	restaurant_31330
31355	restaurant_31355
31356	restaurant_31356
31373	restaurant_31373
31381	restaurant_31381
31383	restaurant_31383
31390	restaurant_31390
31446	restaurant_31446
31467	restaurant_31467
31481	restaurant_31481
31482	restaurant_31482
31483	restaurant_31483
31499	restaurant_31499
31514	restaurant_31514
31589	restaurant_31589
31620	restaurant_31620
31624	restaurant_31624
31651	restaurant_31651
31660	restaurant_31660
31661	restaurant_31661
31681	restaurant_31681
31715	restaurant_31715
31717	restaurant_31717
31721	restaurant_31721
31730	restaurant_31730
31738	restaurant_31738
31781	restaurant_31781
31795	restaurant_31795
31797	restaurant_31797
31823	restaurant_31823
31851	restaurant_31851
31868	restaurant_31868
31869	restaurant_31869
31882	restaurant_31882
31891	restaurant_31891
31906	restaurant_31906
31926	restaurant_31926
31931	restaurant_31931
31968	restaurant_31968
31998	restaurant_31998
32002	restaurant_32002
32003	restaurant_32003
32011	restaurant_32011
32024	restaurant_32024
32037	restaurant_32037
32120	restaurant_32120
32162	restaurant_32162
32188	restaurant_32188
32191	restaurant_32191
32211	restaurant_32211
32212	restaurant_32212
32221	restaurant_32221
32236	restaurant_32236
32238	restaurant_32238
32244	restaurant_32244
32266	restaurant_32266
32296	restaurant_32296
32309	restaurant_32309
32310	restaurant_32310
32320	restaurant_32320
32322	restaurant_32322
32356	restaurant_32356
32374	restaurant_32374
32438	restaurant_32438
32442	restaurant_32442
32469	restaurant_32469
32489	restaurant_32489
32509	restaurant_32509
32537	restaurant_32537
32543	restaurant_32543
32576	restaurant_32576
32588	restaurant_32588
32620	restaurant_32620
32638	restaurant_32638
32647	restaurant_32647
32696	restaurant_32696
32701	restaurant_32701
32710	restaurant_32710
32716	restaurant_32716
32725	restaurant_32725
32732	restaurant_32732
32774	restaurant_32774
32813	restaurant_32813
32833	restaurant_32833
32844	restaurant_32844
32868	restaurant_32868
32895	restaurant_32895
32952	restaurant_32952
32968	restaurant_32968
32989	restaurant_32989
32999	restaurant_32999
33003	restaurant_33003
33034	restaurant_33034
33064	restaurant_33064
33077	restaurant_33077
33080	restaurant_33080
33081	restaurant_33081
33109	restaurant_33109
33117	restaurant_33117
33124	restaurant_33124
33145	restaurant_33145
33182	restaurant_33182
33192	restaurant_33192
33224	restaurant_33224
33230	restaurant_33230
33237	restaurant_33237
33250	restaurant_33250
33255	restaurant_33255
33257	restaurant_33257
33290	restaurant_33290
33293	restaurant_33293
33316	restaurant_33316
33325	restaurant_33325
33327	restaurant_33327
33332	restaurant_33332
33352	restaurant_33352
33353	restaurant_33353
33409	restaurant_33409
33465	restaurant_33465
33472	restaurant_33472
33496	restaurant_33496
33507	restaurant_33507
33514	restaurant_33514
33561	restaurant_33561
33600	restaurant_33600
33614	restaurant_33614
33616	restaurant_33616
33619	restaurant_33619
33622	restaurant_33622
33628	restaurant_33628
33647	restaurant_33647
33654	restaurant_33654
33666	restaurant_33666
33690	restaurant_33690
33711	restaurant_33711
33794	restaurant_33794
33815	restaurant_33815
33820	restaurant_33820
33834	restaurant_33834
33841	restaurant_33841
33854	restaurant_33854
33902	restaurant_33902
33913	restaurant_33913
33938	restaurant_33938
33940	restaurant_33940
33949	restaurant_33949
33983	restaurant_33983
34003	restaurant_34003
34005	restaurant_34005
34021	restaurant_34021
34023	restaurant_34023
34053	restaurant_34053
34066	restaurant_34066
34076	restaurant_34076
34082	restaurant_34082
34092	restaurant_34092
34105	restaurant_34105
34123	restaurant_34123
34217	restaurant_34217
34231	restaurant_34231
34280	restaurant_34280
34288	restaurant_34288
34329	restaurant_34329
34331	restaurant_34331
34332	restaurant_34332
34350	restaurant_34350
34365	restaurant_34365
34384	restaurant_34384
34393	restaurant_34393
34437	restaurant_34437
34465	restaurant_34465
34507	restaurant_34507
34558	restaurant_34558
34567	restaurant_34567
34576	restaurant_34576
34582	restaurant_34582
34635	restaurant_34635
34652	restaurant_34652
34659	restaurant_34659
34667	restaurant_34667
34684	restaurant_34684
34699	restaurant_34699
34711	restaurant_34711
34716	restaurant_34716
34798	restaurant_34798
34805	restaurant_34805
34806	restaurant_34806
34814	restaurant_34814
34819	restaurant_34819
34912	restaurant_34912
34927	restaurant_34927
34930	restaurant_34930
34939	restaurant_34939
34941	restaurant_34941
34948	restaurant_34948
34952	restaurant_34952
34956	restaurant_34956
34970	restaurant_34970
34977	restaurant_34977
35007	restaurant_35007
35012	restaurant_35012
35057	restaurant_35057
35060	restaurant_35060
35061	restaurant_35061
35085	restaurant_35085
35088	restaurant_35088
35099	restaurant_35099
35105	restaurant_35105
35120	restaurant_35120
35126	restaurant_35126
35160	restaurant_35160
35176	restaurant_35176
35202	restaurant_35202
35212	restaurant_35212
35220	restaurant_35220
35274	restaurant_35274
35278	restaurant_35278
35287	restaurant_35287
35291	restaurant_35291
35314	restaurant_35314
35331	restaurant_35331
35333	restaurant_35333
35337	restaurant_35337
35342	restaurant_35342
35372	restaurant_35372
35384	restaurant_35384
35386	restaurant_35386
35416	restaurant_35416
35441	restaurant_35441
35446	restaurant_35446
35458	restaurant_35458
35461	restaurant_35461
35486	restaurant_35486
35502	restaurant_35502
35555	restaurant_35555
35558	restaurant_35558
35559	restaurant_35559
35573	restaurant_35573
35585	restaurant_35585
35596	restaurant_35596
35610	restaurant_35610
35612	restaurant_35612
35635	restaurant_35635
35657	restaurant_35657
35693	restaurant_35693
35702	restaurant_35702
35717	restaurant_35717
35724	restaurant_35724
35737	restaurant_35737
35771	restaurant_35771
35773	restaurant_35773
35783	restaurant_35783
35795	restaurant_35795
35798	restaurant_35798
35807	restaurant_35807
35820	restaurant_35820
35822	restaurant_35822
35828	restaurant_35828
35835	restaurant_35835
35867	restaurant_35867
35889	restaurant_35889
35895	restaurant_35895
35960	restaurant_35960
35987	restaurant_35987
35995	restaurant_35995
36030	restaurant_36030
36080	restaurant_36080
36132	restaurant_36132
36133	restaurant_36133
36210	restaurant_36210
36213	restaurant_36213
36245	restaurant_36245
36320	restaurant_36320
36360	restaurant_36360
36364	restaurant_36364
36388	restaurant_36388
36399	restaurant_36399
36414	restaurant_36414
36418	restaurant_36418
36421	restaurant_36421
36478	restaurant_36478
36507	restaurant_36507
36522	restaurant_36522
36551	restaurant_36551
36569	restaurant_36569
36598	restaurant_36598
36599	restaurant_36599
36600	restaurant_36600
36610	restaurant_36610
36619	restaurant_36619
36628	restaurant_36628
36629	restaurant_36629
36637	restaurant_36637
36639	restaurant_36639
36646	restaurant_36646
36656	restaurant_36656
36658	restaurant_36658
36675	restaurant_36675
36688	restaurant_36688
36694	restaurant_36694
36702	restaurant_36702
36722	restaurant_36722
36732	restaurant_36732
36738	restaurant_36738
36764	restaurant_36764
36786	restaurant_36786
36800	restaurant_36800
36850	restaurant_36850
36857	restaurant_36857
36869	restaurant_36869
36913	restaurant_36913
36943	restaurant_36943
36973	restaurant_36973
36979	restaurant_36979
36988	restaurant_36988
36994	restaurant_36994
36995	restaurant_36995
37004	restaurant_37004
37011	restaurant_37011
37029	restaurant_37029
37043	restaurant_37043
37079	restaurant_37079
37108	restaurant_37108
37126	restaurant_37126
37155	restaurant_37155
37164	restaurant_37164
37166	restaurant_37166
37193	restaurant_37193
37201	restaurant_37201
37208	restaurant_37208
37227	restaurant_37227
37239	restaurant_37239
37272	restaurant_37272
37284	restaurant_37284
37310	restaurant_37310
37314	restaurant_37314
37329	restaurant_37329
37350	restaurant_37350
37361	restaurant_37361
37363	restaurant_37363
37387	restaurant_37387
37451	restaurant_37451
37452	restaurant_37452
37453	restaurant_37453
37501	restaurant_37501
37508	restaurant_37508
37512	restaurant_37512
37553	restaurant_37553
37564	restaurant_37564
37589	restaurant_37589
37610	restaurant_37610
37637	restaurant_37637
37646	restaurant_37646
37676	restaurant_37676
37704	restaurant_37704
37720	restaurant_37720
37753	restaurant_37753
37757	restaurant_37757
37779	restaurant_37779
37796	restaurant_37796
37819	restaurant_37819
37836	restaurant_37836
37864	restaurant_37864
37883	restaurant_37883
37888	restaurant_37888
37908	restaurant_37908
37942	restaurant_37942
37955	restaurant_37955
37961	restaurant_37961
37972	restaurant_37972
38009	restaurant_38009
38027	restaurant_38027
38036	restaurant_38036
38048	restaurant_38048
38054	restaurant_38054
38101	restaurant_38101
38120	restaurant_38120
38169	restaurant_38169
38171	restaurant_38171
38188	restaurant_38188
38242	restaurant_38242
38252	restaurant_38252
38256	restaurant_38256
38281	restaurant_38281
38320	restaurant_38320
38326	restaurant_38326
38357	restaurant_38357
38420	restaurant_38420
38437	restaurant_38437
38442	restaurant_38442
38446	restaurant_38446
38476	restaurant_38476
38503	restaurant_38503
38526	restaurant_38526
38527	restaurant_38527
