1	kitchen_1
2	kitchen_2
3	kitchen_3
4	kitchen_4
5	kitchen_5
6	kitchen_6
7	kitchen_7
8	kitchen_8
9	kitchen_9
10	kitchen_10
11	kitchen_11
12	kitchen_12
13	kitchen_13
14	kitchen_14
15	kitchen_15
16	kitchen_16
17	kitchen_17
18	kitchen_18
19	kitchen_19
20	kitchen_20
21	kitchen_21
22	kitchen_22
23	kitchen_23
24	kitchen_24
25	kitchen_25
26	kitchen_26
27	kitchen_27
28	kitchen_28
29	kitchen_29
30	kitchen_30
31	kitchen_31
32	kitchen_32
33	kitchen_33
34	kitchen_34
35	kitchen_35
36	kitchen_36
37	kitchen_37
38	kitchen_38
39	kitchen_39
40	kitchen_40
41	kitchen_41
42	kitchen_42
43	kitchen_43
44	kitchen_44
45	kitchen_45
46	kitchen_46
47	kitchen_47
48	kitchen_48
49	kitchen_49
50	kitchen_50
51	kitchen_51
52	kitchen_52
53	kitchen_53
54	kitchen_54
55	kitchen_55
56	kitchen_56
57	kitchen_57
58	kitchen_58
59	kitchen_59
60	kitchen_60
61	kitchen_61
62	kitchen_62
63	kitchen_63
64	kitchen_64
65	kitchen_65
66	kitchen_66
67	kitchen_67
68	kitchen_68
69	kitchen_69
70	kitchen_70
71	kitchen_71
72	kitchen_72
73	kitchen_73
74	kitchen_74
75	kitchen_75
76	kitchen_76
77	kitchen_77
78	kitchen_78
79	kitchen_79
80	kitchen_80
81	kitchen_81
82	kitchen_82
83	kitchen_83
84	kitchen_84
85	kitchen_85
86	kitchen_86
87	kitchen_87
88	kitchen_88
89	kitchen_89
90	kitchen_90
91	kitchen_91
92	kitchen_92
93	kitchen_93
94	kitchen_94
95	kitchen_95
96	kitchen_96
97	kitchen_97
98	kitchen_98
99	kitchen_99
100	kitchen_100
101	kitchen_101
102	kitchen_102
103	kitchen_103
104	kitchen_104
105	kitchen_105
106	kitchen_106
107	kitchen_107
108	kitchen_108
109	kitchen_109
110	kitchen_110
111	kitchen_111
112	kitchen_112
113	kitchen_113
114	kitchen_114
115	kitchen_115
116	kitchen_116
117	kitchen_117
118	kitchen_118
119	kitchen_119
120	kitchen_120
121	kitchen_121
122	kitchen_122
123	kitchen_123
124	kitchen_124
125	kitchen_125
126	kitchen_126
127	kitchen_127
128	kitchen_128
129	kitchen_129
130	kitchen_130
131	kitchen_131
132	kitchen_132
133	kitchen_133
134	kitchen_134
135	kitchen_135
136	kitchen_136
137	kitchen_137
138	kitchen_138
139	kitchen_139
140	kitchen_140
141	kitchen_141
142	kitchen_142
143	kitchen_143
144	kitchen_144
145	kitchen_145
146	kitchen_146
147	kitchen_147
148	kitchen_148
149	kitchen_149
150	kitchen_150
151	kitchen_151
152	kitchen_152
153	kitchen_153
154	kitchen_154
155	kitchen_155
156	kitchen_156
157	kitchen_157
158	kitchen_158
159	kitchen_159
160	kitchen_160
161	kitchen_161
162	kitchen_162
163	kitchen_163
164	kitchen_164
165	kitchen_165
166	kitchen_166
167	kitchen_167
168	kitchen_168
169	kitchen_169
170	kitchen_170
171	kitchen_171
172	kitchen_172
173	kitchen_173
174	kitchen_174
175	kitchen_175
176	kitchen_176
177	kitchen_177
178	kitchen_178
179	kitchen_179
180	kitchen_180
181	kitchen_181
182	kitchen_182
183	kitchen_183
184	kitchen_184
185	kitchen_185
186	kitchen_186
187	kitchen_187
188	kitchen_188
189	kitchen_189
190	kitchen_190
191	kitchen_191
192	kitchen_192
193	kitchen_193
194	kitchen_194
195	kitchen_195
196	kitchen_196
197	kitchen_197
198	kitchen_198
199	kitchen_199
200	kitchen_200
201	kitchen_201
202	kitchen_202
203	kitchen_203
204	kitchen_204
205	kitchen_205
206	kitchen_206
207	kitchen_207
208	kitchen_208
209	kitchen_209
210	kitchen_210
211	kitchen_211
212	kitchen_212
213	kitchen_213
214	kitchen_214
215	kitchen_215
216	kitchen_216
217	kitchen_217
218	kitchen_218
219	kitchen_219
220	kitchen_220
221	kitchen_221
222	kitchen_222
223	kitchen_223
224	kitchen_224
225	kitchen_225
226	kitchen_226
227	kitchen_227
228	kitchen_228
229	kitchen_229
230	kitchen_230
231	kitchen_231
232	kitchen_232
233	kitchen_233
234	kitchen_234
235	kitchen_235
236	kitchen_236
237	kitchen_237
238	kitchen_238
239	kitchen_239
240	kitchen_240
241	kitchen_241
242	kitchen_242
243	kitchen_243
244	kitchen_244
245	kitchen_245
246	kitchen_246
247	kitchen_247
248	kitchen_248
249	kitchen_249
250	kitchen_250
251	kitchen_251
252	kitchen_252
253	kitchen_253
254	kitchen_254
255	kitchen_255
256	kitchen_256
257	kitchen_257
258	kitchen_258
259	kitchen_259
260	kitchen_260
261	kitchen_261
262	kitchen_262
263	kitchen_263
264	kitchen_264
265	kitchen_265
266	kitchen_266
267	kitchen_267
268	kitchen_268
269	kitchen_269
270	kitchen_270
271	kitchen_271
272	kitchen_272
273	kitchen_273
274	kitchen_274
275	kitchen_275
276	kitchen_276
277	kitchen_277
278	kitchen_278
279	kitchen_279
280	kitchen_280
281	kitchen_281
282	kitchen_282
283	kitchen_283
284	kitchen_284
285	kitchen_285
286	kitchen_286
287	kitchen_287
288	kitchen_288
289	kitchen_289
290	kitchen_290
